Workbook

Sheet Sheet1
A1: Plotted Course Tracking Sheet
E7: (P)ort or (S)tarboard | H7: Ending Coordinates
A8: Leg | B8: Magnetic | C8: Nautical | D8: Along the Way or | F8: Travel | H8: Latitude North | J8: Longitude West
A9: No. | B9: Course | C9: Miles | D9: Destination | E9: P or S | F9: Time | G9: Speed | H9: Degrees | I9: Minutes | J9: Degrees | K9: Minutes | L9: Comments
A10: Start | H10: 43 | I10: 43.49 | J10: 070 | K10: 11.79
A11: 1

Sheet Sheet2
A1: =Sheet1!H10+Sheet1!I10/60 -> 43.724833 | B1: =(Sheet1!J10+Sheet1!K10/60)*-1 -> -70.1965 | C1: =Sheet1!A10 -> Start
A2: =Sheet1!H11+Sheet1!I11/60 -> 0 | B2: =(Sheet1!J11+Sheet1!K11/60)*-1 -> 0 | C2: =Sheet1!A11 -> 1
A3: =Sheet1!H12+Sheet1!I12/60 -> 0 | B3: =(Sheet1!J12+Sheet1!K12/60)*-1 -> 0 | C3: =Sheet1!A12 -> 0
A4: =Sheet1!H13+Sheet1!I13/60 -> 0 | B4: =(Sheet1!J13+Sheet1!K13/60)*-1 -> 0 | C4: =Sheet1!A13 -> 0
A5: =Sheet1!H14+Sheet1!I14/60 -> 0 | B5: =(Sheet1!J14+Sheet1!K14/60)*-1 -> 0 | C5: =Sheet1!A14 -> 0
A6: =Sheet1!H15+Sheet1!I15/60 -> 0 | B6: =(Sheet1!J15+Sheet1!K15/60)*-1 -> 0 | C6: =Sheet1!A15 -> 0
A7: =Sheet1!H16+Sheet1!I16/60 -> 0 | B7: =(Sheet1!J16+Sheet1!K16/60)*-1 -> 0 | C7: =Sheet1!A16 -> 0
A8: =Sheet1!H17+Sheet1!I17/60 -> 0 | B8: =(Sheet1!J17+Sheet1!K17/60)*-1 -> 0 | C8: =Sheet1!A17 -> 0
A9: =Sheet1!H18+Sheet1!I18/60 -> 0 | B9: =(Sheet1!J18+Sheet1!K18/60)*-1 -> 0 | C9: =Sheet1!A18 -> 0
A10: =Sheet1!H19+Sheet1!I19/60 -> 0 | B10: =(Sheet1!J19+Sheet1!K19/60)*-1 -> 0 | C10: =Sheet1!A19 -> 0
A11: =Sheet1!H20+Sheet1!I20/60 -> 0 | B11: =(Sheet1!J20+Sheet1!K20/60)*-1 -> 0 | C11: =Sheet1!A20 -> 0
A12: =Sheet1!H21+Sheet1!I21/60 -> 0 | B12: =(Sheet1!J21+Sheet1!K21/60)*-1 -> 0 | C12: =Sheet1!A21 -> 0
... A40: =Sheet1!H49+Sheet1!I49/60 -> 0 | B40: =(Sheet1!J49+Sheet1!K49/60)*-1 -> 0 | C40: =Sheet1!A49 -> 0
